<assembly xmlns="http://maven.apache.org/POM/4.0.0" xmlns:xsi="http://www.w3.org/2001/XMLSchema-instance"
          xsi:schemaLocation="http://maven.apache.org/POM/4.0.0 http://maven.apache.org/xsd/assembly-1.0.0.xsd">
    <id>assembly</id>

    <!--打包zip格式，需要解压并上传，打包后的文件夹结构 http://doc.mingsoft.net/server/huan-jing-pei-zhi/jarbu-shu.html#%E7%9B%AE%E5%BD%95%E7%BB%93%E6%9E%84-->
    <formats>
        <format>zip</format>
    </formats>

    <includeBaseDirectory>true</includeBaseDirectory>

    <fileSets>
        <fileSet>
            <directory>src/main/resources</directory>
            <outputDirectory>${file.separator}config</outputDirectory>
            <includes>
                <include>*/**</include>
            </includes>
        </fileSet>
        <fileSet>
            <directory>bin</directory>
            <outputDirectory>${file.separator}</outputDirectory>
            <includes>
                <include>*/**</include>
            </includes>
        </fileSet>
        <fileSet>
            <directory>src/main/webapp/static</directory>
            <outputDirectory>${file.separator}static</outputDirectory>
            <includes>
                <include>*/**</include>
            </includes>
        </fileSet>
        <fileSet>
            <directory>src/main/webapp/template</directory>
            <outputDirectory>${file.separator}template</outputDirectory>
            <includes>
                <include>*/**</include>
            </includes>
        </fileSet>
        <fileSet>
            <directory>src/main/webapp/WEB-INF</directory>
            <outputDirectory>${file.separator}WEB-INF</outputDirectory>
            <includes>
                <include>*/**</include>
            </includes>
        </fileSet>
    </fileSets>

    <files>
        <file>
            <source>${project.build.directory}/${project.build.finalName}.jar</source>
            <outputDirectory>${file.separator}</outputDirectory>
        </file>
    </files>
</assembly>
